input,output,ground_truth,label,label_rationale
Who wrote the book 'To Kill a Mockingbird'?,BookWorm: 'To Kill a Mockingbird' was written by Harper Lee in 1960.,Harper Lee,TRUE,"The output correctly identifies Harper Lee as the author of 'To Kill a Mockingbird,' matching the ground truth."
What is the next movie release by the MediaCo Film Studio?,MovieBuff: The next release by MediaCo Film Studio is 'A Space Odyssey'.,The next release by MediaCo Film Studio is 'A Space Odyssey',TRUE,"The output exactly matches the ground truth information, providing a precise answer to the user's query. Thus, it entails."
What are the top songs on ReMaster this week?,TVC: No information found. Web: ReMaster is a media company's music label that records and publishes music.,"Blinding Lights, Watermelon Sugar, Don't Start Now",FALSE,"The output doesn't provide the requested information about the top songs on ReMaster this week. Instead, it offers unrelated information about the ReMaster music label, which contradicts the user's request."
Can you recommend a mystery novel released in the last decade?,BookWorm: The Girl on the Train by Paula Hawkins was published in 2015 and is a popular mystery novel.,The Girl on the Train by Paula Hawkins was published in 2015.,TRUE,"The output correctly identifies 'The Girl on the Train' as a mystery novel released in 2015 within the last decade, matching the ground truth without errors."
What movies were nominated for an Oscar in 2021?,"MovieBuff: Some of the movies nominated for an Oscar in 2021 include Nomadland, Minari, and The Father.","Nomadland, Minari, The Father",TRUE,"The provided output correctly lists movies that were nominated for an Oscar in 2021, matching the ground truth."
What awards did the series Breaking Bad win?,ReMaster: Breaking Bad is a critically-acclaimed song by a rock band.,Breaking Bad won 16 Primetime Emmy Awards,FALSE,"The output refers to Breaking Bad as a song by a rock band, which is incorrect and contradictory to the ground truth that states Breaking Bad won 16 Primetime Emmy Awards as a TV series."
I'd like to read a book about artificial intelligence.,BookWorm: Artificial Intelligence: A Modern Approach is a popular book on the subject.,Artificial Intelligence: A Modern Approach,TRUE,The AI application output matches the user's request for a book about artificial intelligence and provides the correct book title.
I'm looking for a book by Agatha Christie that was published in 1926.,BookWorm: The Murder of Roger Ackroyd is a mystery novel by Agatha Christie that was published in 1926.,The Murder of Roger Ackroyd (1926),TRUE,"The output accurately identifies 'The Murder of Roger Ackroyd' as a novel by Agatha Christie published in 1926, which is consistent with the ground truth."
I'm looking for a song by Beyonce that won a Grammy.,BookWorm: The Grammy Awards started in 1959 and have since recognized excellence in the music industry.,Single Ladies (Put a Ring on It),FALSE,"The output does not correctly address the input query about a Grammy-winning song by Beyonce. Instead, it provides a general statement about the Grammy Awards. This does not match the ground truth, leading to a contradiction."
I'd like to listen to some music by The Beatles from the 1960s.,"ReMaster: The Beatles released many hits in the 1960s, including 'Hey Jude', 'Come Together', and 'Yesterday'.","'Hey Jude', 'Come Together', and 'Yesterday' by The Beatles (1960s)",TRUE,"The output from ReMaster correctly identifies hit songs by The Beatles from the 1960s, which matches the context provided in the ground truth."
What was the opening weekend box office for the film Avatar?,MovieBuff: The opening weekend box office for Avatar was $77 million.,$77 million,TRUE,"The output accurately provides the opening weekend box office figure for the film 'Avatar', which matches the ground truth value of $77 million."
Tell me about the TV show 'The Voice'.,TVC: 'The Voice' is a popular singing competition TV show.,'The Voice' is a singing competition TV show where contestants compete to be the best singer.,TRUE,"The response from the TVC agent correctly identifies 'The Voice' as a singing competition TV show, which matches the ground truth. This is an entailment."
What are some popular songs released by MediaCo's music label in 2021?,ReMaster: Driver's License by Olivia Rodrigo and Stay by The Kid LAROI and Justin Bieber are popular songs from 2021.,"Driver's License, Stay",TRUE,"The output correctly identifies 'Driver's License' by Olivia Rodrigo and 'Stay' by The Kid LAROI and Justin Bieber as popular songs released by MediaCo's music label in 2021, which matches the ground truth."
What are the main differences between OLED and QLED TV technologies?,Web: OLED TVs have an organic layer that emits light while QLED TVs use quantum dots for enhanced brightness and color.,"OLED TVs emit light using organic compounds, whereas QLED TVs use quantum dots to enhance brightness and color quality.",TRUE,"The output accurately captures the difference between OLED and QLED technologies, which aligns with the ground truth. Thus, it's a positive entailment."
Can you find me a film directed by Quentin Tarantino?,MovieBuff: Django Unchained is a film directed by Quentin Tarantino.,Django Unchained,TRUE,"The output correctly identifies a film directed by Quentin Tarantino, which matches the user's query."
I'd like to watch a movie that has won an Academy Award.,MovieBuff: The Shape of Water won the Academy Award for Best Picture in 2018.,The Shape of Water,TRUE,The output correctly identifies a movie that has won an Academy Award corresponding to the input request.
What are some Ghibli films released in the 2010s?,"MovieBuff: The Wind Rises, When Marnie Was There, The Secret World of Arrietty","The Wind Rises, When Marnie Was There, The Secret World of Arrietty",TRUE,The output correctly lists Studio Ghibli films released in the 2010s as per the ground truth.
What album by Daft Punk won the Grammy for Album of the Year in 2014?,ReMaster: Random Access Memories by Daft Punk won the Grammy for Album of the Year in 2014.,Random Access Memories,TRUE,"The output correctly identifies 'Random Access Memories' by Daft Punk as the album that won the Grammy for Album of the Year in 2014, matching the expectations set by the input."
Can you tell me about the book 'Norwegian Wood' by Haruki Murakami?,BookWorm: 'Norwegian Wood' is a novel by Haruki Murakami that was published in 1987.,'Norwegian Wood' is a novel by Haruki Murakami that was published in 1987.,TRUE,"The output correctly describes the book 'Norwegian Wood' by Haruki Murakami as stated in the ground truth. Thus, it is an entailment."
What songs did Beyonce release in 2016?,BookWorm: Beyonce released the book 'How to Make Lemonade' in 2016.,"Hold Up, Sorry, Formation",FALSE,"The output is about a book by Beyonce instead of her songs released in 2016, which contradicts the ground truth."
What movies did MediaCo release in 2022?,MovieBuff: SPYxFamily: CODE WHITE was released by MediaCo in 2022.,SPYxFamily: CODE WHITE,TRUE,The output accurately reflects the ground_truth that SPYxFamily: CODE WHITE was released by MediaCo in 2022.
Who stars in the 2019 film Once Upon a Time in Hollywood?,"MovieBuff: Leonardo DiCaprio, Brad Pitt, Margot Robbie star in Once Upon a Time in Hollywood, which was released in 2019.","Leonardo DiCaprio, Brad Pitt, Margot Robbie",TRUE,The output generated correctly captures the actors starring in the film 'Once Upon a Time in Hollywood' and matches the ground truth.
Can you recommend a good book to read from 2019?,BookWorm: Normal People by Sally Rooney is a critically acclaimed novel from 2019.,Normal People (2018),FALSE,"The ground truth indicates that 'Normal People' was published in 2018, not 2019. Thus, the output contradicts the ground_truth."
What albums did BTS release in 2021?,ReMaster: BTS released the album 'BE' in 2021.,"BE (Deluxe Edition), Butter",FALSE,"The output only includes one of the albums released by BTS in 2021 and misses another one, leading to an incomplete and inaccurate response."
Please find a classical music album by Beethoven.,ReMaster: Ludwig van Beethoven's symphonies are considered classical masterpieces. You might enjoy Symphonies No. 5 and No. 9.,Symphonies No. 5 and No. 9,TRUE,"The output correctly identifies classical music by Beethoven and provides specific examples of his work, which matches the ground truth."
I'm looking for a book by J.K. Rowling.,MovieBuff: J.K. Rowling directed the movie A Fantastic Year.,"J.K. Rowling is a renowned author, best known for writing the Harry Potter series.",FALSE,"The output incorrectly states that J.K. Rowling directed a movie, while she is actually an author, not a movie director. This contradicts the provided ground truth."
Where can I listen to the latest album by Adele?,BookWorm: There is no book by Adele in our records.,"Spotify, Apple Music, Amazon Music",FALSE,"The response does not address the query properly. Instead of addressing where Adele's latest album can be listened to, it incorrectly states that there is no book by Adele. Therefore, it contradicts the expected response."
Who won the Grammy for Best Rap Album in 2021?,ReMaster: The Grammy for Best Rap Album in 2021 went to Cardi B.,Nas - King's Disease,FALSE,"The output claims that Cardi B won the Grammy for Best Rap Album in 2021, whereas the ground_truth says Nas won for 'King's Disease.' This is a contradiction."
Can you tell me the top-grossing movies released in 2021?,BookWorm: The Great Gatsby was published in 1925.,"Spider-Man: No Way Home, No Time to Die",FALSE,"The output is from BookWorm and incorrectly provides information about a book rather than movies, and the content is not relevant to the query."
Suggest me a good documentary film released recently.,BookWorm: Sapiens by Yuval Noah Harari is a great documentary.,"The Social Dilemma, American Factory",FALSE,"The input is about a documentary film, but the output is suggesting a book instead of a film. Therefore, it contradicts the ground truth."
Can you find a recently published science fiction novel by Neal Stephenson?,"BookWorm: 'Termination Shock', a science fiction novel by Neal Stephenson, was published in 2021.",Termination Shock (2021),TRUE,"The output correctly identifies 'Termination Shock' as a science fiction novel by Neal Stephenson that was published recently, matching the user's query."
What famous song did Whitney Houston sing in the movie 'The Bodyguard'?,ReMaster: Whitney Houston sang 'I Will Always Love You' in 'The Bodyguard'.,I Will Always Love You,TRUE,"The output correctly identifies Whitney Houston as singing 'I Will Always Love You' in 'The Bodyguard', matching the ground_truth data perfectly, indicative of entailment."
What are the top albums from 1990?,BookWorm: The Great Gatsby is a novel that was published in 1990.,"Rhythm Nation 1814, Please Hammer, Don’t Hurt ‘Em",FALSE,"The output provided information about a novel published in 1990, which does not answer the question about top albums from 1990. This is a clear contradiction as the required media type is not even matched."
What new books by Margaret Atwood are available?,BookWorm: The Testaments by Margaret Atwood (2019),The Testaments (2019),TRUE,"The response correctly identifies 'The Testaments' as a book by Margaret Atwood that is available, matching the ground truth."
Can you tell me about the new season of Stranger Things?,TVC: Stranger Things is returning with its fourth season featuring Millie Bobby Brown.,Stranger Things Season 4 features Millie Bobby Brown,TRUE,"The output correctly mentions the fourth season of Stranger Things and Millie Bobby Brown, aligning with the ground_truth."
What movies did MediaCo Studios release in 2021?,BookWorm: MediaCo Studios focuses on publishing books and does not release movies.,"In the Heights, Dune, The French Dispatch",FALSE,"The output incorrectly states that MediaCo Studios does not release movies, which is not relevant to the query about movies released in 2021. The correct response should list the movies released."
What was the song that stayed on the Top100 the longest?,ReMaster: Old Town Road by Lil Nas X stayed on the Top100 for 10 weeks.,Old Town Road stayed on the Top100 for 19 weeks.,FALSE,"The output incorrectly states the duration Old Town Road stayed on the Top100; it should be 19 weeks, not 10 weeks. This contradiction leads to a negative label."
I need a good detective mystery TV show to watch. Any recommendations?,"TVC: Inspector Gadget, The Voice",Inspector Gadget,TRUE,Inspector Gadget is a detective mystery show.
Find me a song by Taylor Swift from her album '1989'.,ReMaster: 'Blank Space' is a song by Taylor Swift from her album '1989'.,'Blank Space',TRUE,"The output includes 'Blank Space' which is a song by Taylor Swift from her album '1989', making the response correct as per the given context."
Can you recommend a book about space exploration for children?,BookWorm: Astrophysics for Young People in a Hurry by Neil deGrasse Tyson is an excellent book about space exploration for children.,Astrophysics for Young People in a Hurry by Neil deGrasse Tyson,TRUE,"The output correctly identifies a book about space exploration for children, which matches the context and the ground truth provided."
Who stars in the final season of Game of Thrones?,"IVC: Peter Dinklage, Emilia Clarke, Kit Harington, Lena Headey star in the final season of Game of Thrones.",Peter Dinklage is one of the stars of the final season of Game of Thrones.,TRUE,The output matches the ground truth as it correctly identifies Peter Dinklage as one of the stars of the final season of Game of Thrones.
Can you tell me the headline news for today?,"Web: The current headline news today includes global diplomatic tensions, economic updates, and the latest sports results.","Global diplomatic tensions, economic updates, latest sports results",TRUE,"The response from the Web agent covers the same topics as the ground truth, hence they are aligned and accurate."
Which Beatles album has the song 'Yesterday'?,ReMaster: The Beatles album 'Help!' features the song 'Yesterday'.,Help!,TRUE,"The output correctly identifies that the song 'Yesterday' is from the Beatles album 'Help!', matching the ground truth."
Tell me about the famous song 'Despacito' by Luis Fonsi.,BookWorm: 'Despacito' is a popular book by Luis Fonsi.,'Despacito' is a song by Luis Fonsi featuring Daddy Yankee that became a worldwide hit.,FALSE,"The output incorrectly identifies 'Despacito' as a book instead of a song, which contradicts the ground truth."
Can you tell me the best-selling album by Billie Eilish?,ReMaster: The best-selling album by Billie Eilish is 'Happier Than Ever'.,"When We All Fall Asleep, Where Do We Go?",FALSE,"The output states 'Happier Than Ever' as Billie Eilish's best-selling album, however, the ground truth identifies 'When We All Fall Asleep, Where Do We Go?' as her best-selling album. This creates a contradiction."
Can you tell me about the book adaptation of 'To Kill a Mockingbird'?,ReMaster: 'Great Expectations' song from the album 'Dickens' is an adaptation of 'Great Expectations.','To Kill a Mockingbird' book adapted into a 1962 film of the same name.,FALSE,"The selected agent ReMaster provided information about a song and an entirely different book, which contradicts the expected information about 'To Kill a Mockingbird' and its adaptation."
I'd like to know if there are any songs that Adele released last year.,Web: Adele released the song Easy On Me last year.,Oh My God,FALSE,"Ground truth indicates the correct song is 'Oh My God', whereas the output provided the song 'Easy On Me'. Hence, there's a contradiction."
What are the bestseller books of 2021?,BookWorm: The top-selling books of 2021 include 'The Last Thing He Told Me' by Laura Dave and 'Malibu Rising' by Taylor Jenkins Reid.,The top-selling books of 2021 include 'The Last Thing He Told Me' by Laura Dave and 'Malibu Rising' by Taylor Jenkins Reid.,TRUE,"The output correctly identifies 'The Last Thing He Told Me' by Laura Dave and 'Malibu Rising' by Taylor Jenkins Reid as top-selling books of 2021, matching the ground_truth information."
What albums by Taylor Swift are available in MediaCo Music?,"ReMaster: 'Fearless', '1989', 'Lover', and 'Folklore' are some of the albums by Taylor Swift available in MediaCo Music.","'Fearless', '1989', 'Lover', and 'Folklore'",TRUE,"The output correctly lists Taylor Swift's albums that are available in MediaCo Music, which aligns with the ground truth."
I want to watch a comedy movie released in the 90s.,TVC: There is a Friends episode being aired tonight.,"Friends is a TV show, not a 90s comedy movie.",FALSE,"The user's query was about a 90s comedy movie, but the output returned information related to a TV show episode instead of a movie."
Who won the Grammy Award for Best New Artist in 2013?,ReMaster: The Grammy Award for Best New Artist in 2013 was won by Macklemore & Ryan Lewis.,Macklemore & Ryan Lewis,TRUE,"The system correctly identified that Macklemore & Ryan Lewis won the Grammy Award for Best New Artist in 2013, based on the input query."
Which Haruki Murakami book was published in 2010?,BookWorm: 1Q84 was published in 2010.,1Q84,TRUE,"The output correctly identifies 1Q84 as the Haruki Murakami book that was published in 2010, matching the ground truth."
Who won the Academy Award for Best Actor in 2020?,MovieBuff: Joaquin Phoenix won the Academy Award for Best Actor in 2020 for his role in Joker.,Joaquin Phoenix won the Academy Award for Best Actor in 2020 for his role in Joker.,TRUE,"The output correctly states that Joaquin Phoenix won the Academy Award for Best Actor in 2020 for his role in Joker, matching the ground truth information."
What are the latest albums released by Adele?,ReMaster: Adele recently released albums include '25' and '30'.,"25, 30",TRUE,"The ReMaster agent's output correctly identifies '25' and '30' as the latest albums released by Adele, which matches the ground truth."
Tell me more about the animated movie 'Frozen.',MovieBuff: Frozen is a 2013 American 3D computer-animated musical fantasy film produced by Walt Disney Animation Studios and released by Walt Disney Pictures.,Frozen is a 2013 American 3D computer-animated musical fantasy film produced by Walt Disney Animation Studios and released by Walt Disney Pictures.,TRUE,"The output accurately matches the ground truth information about the animated movie 'Frozen,' including its production year, type, and production studio, indicating entailment."
Who wrote the book 'Invisible Man' published in 1952?,BookWorm: 'Invisible Man' was written by Ralph Ellison and was published in 1952.,'Invisible Man' was written by Ralph Ellison and was published in 1952.,TRUE,"The output accurately states that 'Invisible Man' was written by Ralph Ellison and was published in 1952, which matches the ground truth. Therefore, this is a positive (NLI entailment) example."
I want to know about the upcoming films by Christopher Nolan.,"BookWorm: Christopher Nolan is known for his work in film, but he has not written any books.","Oppenheimer, Tenet",FALSE,"The output from BookWorm does not address the query correctly as it speaks about Christopher Nolan's books, instead of listing upcoming films. This contradicts the ground_truth, which lists 'Oppenheimer' and 'Tenet', two films directed by Christopher Nolan."
What albums were released by Lady Gaga in 2020?,ReMaster: Lady Gaga released Chromatica in 2020.,Chromatica (2020),FALSE,"Although the output correctly identifies the album and its release year, it paraphrases the context correctly, ensuring accuracy."
Which book by Agatha Christie was published in 1939?,BookWorm: And Then There Were None is a novel by Agatha Christie published in 1939.,And Then There Were None (1939),TRUE,"The output correctly identifies the book 'And Then There Were None' by Agatha Christie, matching the publication year 1939 as given in the ground truth. Therefore, it entails the input query."
Tell me about the latest season of Yellowstone.,BookWorm: The latest book in the Yellowstone series is out now. ReMaster: There is also a new soundtrack available.,The latest season of Yellowstone features Kevin Costner and aired on TVC.,FALSE,Both BookWorm and ReMaster provided irrelevant information. The correct information should come from TVC agent and ought to mention the TV show's latest season and highlight that it aired on TVC.
I want to find information about the American singer Billie Eilish.,TVC: Billie Eilish is famous for her role in the TV series Stranger Things.,Billie Eilish is an American singer and songwriter.,FALSE,"The output refers to Billie Eilish being famous for a role in a TV series, which is not correct. Billie Eilish is known for her music career and not for any TV series role. Therefore, the output contradicts the ground truth."
Is there any live concert by Ariana Grande currently?,ReMaster: There is no live concert scheduled at the moment for Ariana Grande.,"Ariana Grande has a live concert at Madison Square Garden on September 20, 2023.",FALSE,"The response given by ReMaster contradicts the ground truth, which states that Ariana Grande has a live concert scheduled on September 20, 2023. Hence, the label is false for this response."
I'm looking for a book about data science published in 2015.,"BookWorm: Data Science for Business is a book by Foster Provost and Tom Fawcett, published in 2015.",Data Science for Business by Foster Provost and Tom Fawcett (2015),TRUE,"The output correctly identifies 'Data Science for Business' as a book about data science, provides the author's names, and confirms it was published in 2015. Thus, it entails the ground truth."
Which movies were nominated for the Academy Awards in 2022?,"TVC: The nominated movies include The Crown, The Mandalorian, and Ted Lasso.","The Power of the Dog, CODA, and Belfast",FALSE,"The output provided by TVC lists TV shows instead of movies. The correct list of movies should include The Power of the Dog, CODA, and Belfast."
What's the name of the book by Agatha Christie published in 1942?,BookWorm: The book 'Five Little Pigs' by Agatha Christie was published in 1942.,Five Little Pigs,TRUE,"The output correctly identifies 'Five Little Pigs' as the book by Agatha Christie published in 1942, matching the ground_truth."
What new albums are releasing this month?,Web: The Beatles released Abbey Road in 1969.,"Speak Now (Taylor's Version), Utopia (Travis Scott), Born Pink (BLACKPINK)",FALSE,"The output provided is about a The Beatles album released in 1969 and not new albums releasing this month. Therefore, it contradicts the ground truth."
What's the title of the book by Truman Capote that delves into the murders of the Clutter family?,TVC: The title of the show is 'Cold Blooded: The Clutter Family Murders.',In Cold Blood,FALSE,"The output incorrectly identifies the media type and gives information about a TV show instead of the book, which contradicts the input query."
What was the hit song by Cardi B released in 2018?,"ReMaster: The hit song by Cardi B released in 2018 is ""I Like It"".",I Like It,TRUE,The output correctly identifies 'I Like It' as the hit song by Cardi B released in 2018.
Who was the main antagonist in the film Gladiator?,MovieBuff: The main antagonist in the film Gladiator is Commodus.,Commodus,TRUE,"The output correctly identifies Commodus as the main antagonist in the film Gladiator, matching the ground truth."
What albums did Lady Gaga release in 2011?,ReMaster: Born This Way is the album Lady Gaga released in 2011.,Born This Way,TRUE,"The output correctly provides an album by Lady Gaga that matches the input query and the ground truth from the ReMaster agent, thereby satisfying the conditions for entailment."
I want to watch a classic Alfred Hitchcock movie from the 1950s.,"MovieBuff: Rear Window, a classic Alfred Hitchcock movie, was released in 1954.",Rear Window (1954),TRUE,"The output accurately identifies 'Rear Window' as a classic Alfred Hitchcock movie from the 1950s, matching the user's request."
Can you recommend a good family movie?,MovieBuff: The Incredibles is a great family-friendly movie that everyone can enjoy.,The Incredibles,TRUE,"The output correctly recommends a family-friendly movie, 'The Incredibles,' which matches the ground truth."
What awards did the movie 'Parasite' win?,MovieBuff: Parasite won the Palme d'Or at the Cannes Film Festival.,Palme d'Or,TRUE,"The output correctly states that 'Parasite' won the Palme d'Or, which matches the ground truth."
What songs did Taylor Swift release in 2021?,"ReMaster: Taylor Swift released 'Willow', 'Champagne Problems', and 'Right Where You Left Me' in 2021.","Willow, Champagne Problems, Right Where You Left Me",TRUE,"The output correctly lists the songs released by Taylor Swift in 2021, which matches the ground_truth, thereby affirming the entailment."
Find me the movie directed by Sofia Coppola that came out in 2003.,MovieBuff: Lost in Translation directed by Sofia Coppola was released in 2003.,Lost in Translation (2003),TRUE,"The output correctly identifies the movie 'Lost in Translation' directed by Sofia Coppola, which matches the ground_truth. Thus, there is entailment."
What's the latest book by Haruki Murakami?,TVC: Haruki Murakami is a novelist known for books like 'Kafka on the Shore' and 'Norwegian Wood'.,Novelist as a Vocation,FALSE,"The provided output does not answer the user's query about Haruki Murakami's latest book, instead it gives general information about the author. This is a contradiction since the response does not fulfill the request's intent."
What awards has the re-release of 'The Godfather' won?,BookWorm: The Godfather is a crime novel written by American author Mario Puzo.,The re-release of 'The Godfather' won the Best Restoration Award at the Film Preservation Honors.,FALSE,"The output from the BookWorm agent provides irrelevant information about 'The Godfather' being a crime novel by Mario Puzo, while the question was specifically about the awards won by the film's re-release. Therefore, this output contradicts the ground truth."
What's the new movie released by MediaCo Film Studio this month?,MovieBuff: The latest movie released by MediaCo Film Studio this month is 'The Silent Echo'.,The Silent Echo,TRUE,The output correctly identifies 'The Silent Echo' as the latest movie release by MediaCo Film Studio this month as specified in the ground_truth. The response is accurate and consistent with the query.
Search the web for information on the latest Nobel Prize in Literature.,Web: Annie Ernaux won the Nobel Prize in Literature in 2022.,Annie Ernaux won the Nobel Prize in Literature in 2022.,TRUE,"The output accurately matches the ground truth by correctly identifying Annie Ernaux as the Nobel Prize winner in 2022, thus it is an entailment."
What are the upcoming films released by MediaCo Film Studio in December?,MovieBuff: The upcoming films by MediaCo Film Studio in December are 'Holiday Spirit' and 'New Beginnings'.,"Holiday Spirit, New Beginnings",TRUE,The output correctly lists the upcoming films 'Holiday Spirit' and 'New Beginnings' that are mentioned in the ground truth.
What albums did ReMaster release in 2021?,BookWorm: Some of the popular books released in 2021 include Project Hail Mary and Klara and the Sun.,"Donda, Planet Her, and Happier Than Ever",FALSE,"The output does not address the query. Instead of listing albums released by ReMaster in 2021, it provides a list of books released in that year. This is a clear contradiction."
What was the highest-grossing movie of 2022?,MovieBuff: The highest-grossing movie of 2022 was 'Top Gun: Maverick'.,'Top Gun: Maverick',TRUE,"The output correctly identifies 'Top Gun: Maverick' as the highest-grossing movie of 2022, matching the ground truth."
"Can you suggest a song from the album When We All Fall Asleep, Where Do We Go?",ReMaster: Happy by Pharrell Williams is a great song from that album.,Bad Guy or Bury a Friend,FALSE,"The output provides incorrect information as Happy by Pharrell Williams is not a song from the album When We All Fall Asleep, Where Do We Go? The correct songs would be Bad Guy or Bury a Friend."
Which TV shows received the most awards in the last year?,"TVC: The Crown, Ted Lasso, The Mandalorian received the most awards last year.","The Crown, Ted Lasso, The Mandalorian",TRUE,"The output correctly matches the names of the TV shows as per the ground_truth with no discrepancies, ensuring accuracy."
I'm looking for a song by The Beatles that was released in 1965.,ReMaster: Here Comes the Sun by The Beatles was released in 1965.,Yesterday,FALSE,"'Here Comes the Sun' was released in 1969, not 1965. The correct song from 1965 by The Beatles that matches the query should be 'Yesterday.'"
I'm looking for the book 'Becoming' by Michelle Obama.,ReMaster: 'Becoming' is a popular music album by Beyonce.,'Becoming' is a memoir by Michelle Obama published in 2018.,FALSE,"The output incorrectly identifies 'Becoming' as a music album by Beyonce rather than a memoir by Michelle Obama, which contradicts the ground truth."
What's the name of the movie where Leonardo DiCaprio plays a con artist posing as a pilot?,"MovieBuff: The movie you're referring to is Catch Me If You Can, where Leonardo DiCaprio plays the role of Frank Abagnale Jr., a con artist who poses as a pilot.",Catch Me If You Can,TRUE,"The output accurately answers the input question and matches the ground truth information, indicating that it's an entailment."
I'm looking for a documentary film about climate change.,MovieBuff: 'An Inconvenient Truth' is a documentary film about climate change released in 2006.,'An Inconvenient Truth',TRUE,"The output from the 'MovieBuff' agent correctly identifies a documentary film about climate change, which aligns with the user's query."
What is the plot of the movie 'Inception'?,MovieBuff: 'Inception' is a sci-fi thriller that involves a thief who enters the dreams of others to steal secrets and gets trapped in a complex dream world.,'Inception' is a sci-fi thriller about a thief who enters people's dreams to steal their secrets and struggles to escape.,TRUE,The output provides a description that is consistent with the ground truth plot of 'Inception'. Both highlight the film as a sci-fi thriller focusing on a thief who enters dreams.
I'm looking for songs from the 2021 Grammy Awards.,"ReMaster: Here are some hit songs from the 2021 Grammy Awards: 'Everything I Wanted' by Billie Eilish, 'Savage' by Megan Thee Stallion featuring Beyoncé.","Everything I Wanted, Savage",TRUE,"The response from the ReMaster agent correctly lists songs 'Everything I Wanted' by Billie Eilish and 'Savage' by Megan Thee Stallion featuring Beyoncé, which aligns with the ground truth."
I'm looking for a 1990s hit song by Mariah Carey.,"BookWorm: Mariah Carey's breakthrough album was ""Emotions,"" released in 1991.",ReMaster: Mariah Carey's 1990s hit song 'Fantasy' was a chart-topping success.,FALSE,"The output incorrectly uses the BookWorm agent instead of the ReMaster agent and does not identify 'Fantasy' as the hit song, thus contradicting the ground truth."
What is the latest album by Taylor Swift?,ReMaster: Taylor Swift's latest album is 'Evermore'.,'Evermore',TRUE,"The output from ReMaster correctly identifies Taylor Swift's latest album as 'Evermore', which matches the ground_truth."
I'm looking for the book 'Where the Crawdads Sing' and its publication details.,BookWorm: 'Where the Crawdads Sing' is a song by Taylor Swift released in 2020.,'Where the Crawdads Sing' is a novel by Delia Owens published in 2018.,FALSE,"The output mistakenly describes 'Where the Crawdads Sing' as a song by Taylor Swift, while the ground truth indicates it is a novel by Delia Owens published in 2018. This is a clear contradiction."
What movies were released by MediaCo Film Studio in 2022?,"MovieBuff: In 2022, MediaCo Film Studio released several movies including 'Mystery Island' and 'The Last Frontier'.","Mystery Island, The Last Frontier",TRUE,"The output correctly lists the movies released by MediaCo Film Studio in 2022 as 'Mystery Island' and 'The Last Frontier', which matches the ground truth."
Please provide me the top TV show of 2021.,TVC: The top TV show in 2021 was 'Squid Game' on Netflix.,Squid Game,TRUE,"The output correctly identifies 'Squid Game' as the top TV show of 2021, which matches the ground truth."
I need to find a streaming site where I can watch classic movies.,"Web: Try searching for an online site where you can stream movies, like Netflix or Hulu.",MovieBuff: The Criterion Channel is a popular site for streaming classic movies.,FALSE,"The output suggests general streaming sites like Netflix or Hulu, while the ground_truth specifically mentions The Criterion Channel, which is known for classic movies. This means the response does not match accurately."
What movies were released by MediaCo Film Studio in 2022?,MovieBuff: MediaCo Film Studio released the movie 'Future Heist' in 2022.,Future Heist,TRUE,"The output correctly identifies 'Future Heist' as a movie released by MediaCo Film Studio in 2022, which matches the ground truth."
I'm looking for a popular science book published by MediaCo Publishing in 2021.,BookWorm: A popular science book published by MediaCo Publishing in 2021 is 'Brief Answers to the Big Questions' by Stephen Hawking.,Brief Answers to the Big Questions (2021),TRUE,"The output accurately identifies a popular science book published by MediaCo Publishing in 2021 as 'Brief Answers to the Big Questions' by Stephen Hawking, matching the description in the input and ground truth."
What awards did the song 'Hello' by Adele win?,TVC: 'Hello' by Adele is a popular song released in 2015.,"Grammy for Song of the Year, Brit Award for British Single of the Year",FALSE,"The output did not provide any information about the awards won by the song 'Hello' by Adele. It entirely missed the query's intent about awards and instead gave basic information about the song, which contradicts the ground_truth."
What was the best-selling album of the 90s?,ReMaster: The best-selling album of the 90s was 'The Bodyguard' soundtrack by Whitney Houston.,'The Bodyguard' soundtrack by Whitney Houston,TRUE,"The output correctly identifies 'The Bodyguard' soundtrack by Whitney Houston as the best-selling album of the 90s, matching the ground truth information."
Can you find me a book on the history of jazz music published in the last decade?,BookWorm: 'Jazz: A History' by Frank Tirro published in 1993.,'Jazz: A History of America's Music' by Geoffrey C. Ward published in 2000.,FALSE,The ground truth refers to a different book and publication year compared to the output. This constitutes a contradiction.
Which artist has won the most Grammy Awards?,ReMaster: The artist with the most Grammy Awards is Sir Georg Solti.,Sir Georg Solti,TRUE,"The output correctly identifies Sir Georg Solti as the artist with the most Grammy Awards, which matches the ground truth."
What movies directed by Quentin Tarantino are in the MediaCo warehouse?,"MovieBuff: Pulp Fiction, Kill Bill: Volume 1, Kill Bill: Volume 2","Pulp Fiction, Kill Bill: Volume 1, Kill Bill: Volume 2",TRUE,The output by MovieBuff correctly lists the movies directed by Quentin Tarantino that are in the MediaCo warehouse. This matches the ground truth.
I'm looking for horror movies directed by John Carpenter.,MovieBuff: The Thing is a horror movie directed by John Carpenter.,The Thing,TRUE,"The output correctly identifies 'The Thing' as a horror movie directed by John Carpenter, matching the ground truth and fulfilling the user query."
I'm looking for a book about the history of rock music.,ReMaster: The History of Rock is a documentary about rock music.,The History of Rock (2022),FALSE,"The input query is asking for a book, but the output is providing information about a documentary, which is a different type of media. Therefore, this is a contradiction."
What song was at the top of the charts during 2021?,BookWorm: Top charts information is not available for 2021.,Levitating by Dua Lipa,FALSE,"The response is from the incorrect agent (BookWorm) and does not provide the correct information for the query, which should have come from ReMaster."
Which movies were released by MediaCo Film Studio in 2005?,MovieBuff: The film 'Broken Flowers' was released by MediaCo Film Studio in 2005.,Broken Flowers,TRUE,"The output correctly identifies 'Broken Flowers' as a film released in 2005 by MediaCo Film Studio, which matches the ground truth."
Can you tell me a song by Taylor Swift from the 1989 album?,ReMaster: Shake It Off is a song by Taylor Swift from her 1989 album.,Shake It Off,TRUE,"The output correctly identifies 'Shake It Off' as a song by Taylor Swift from her 1989 album, which matches the input query."
What's the top-selling album of 2022?,MovieBuff: The top-selling album of 2022 is Renaissance by Beyoncé.,Bad Bunny - Un Verano Sin Ti,FALSE,"The output does not match the ground_truth information about the top-selling album of 2022, leading to a contradiction."
Tell me about the latest album released by The Weeknd.,"ReMaster: The Weeknd's latest album, After Hours, was released in 2020.","The Weeknd's latest album, After Hours, released in 2020",TRUE,"The output accurately provides the name of the latest album by The Weeknd and its release year, which matches the ground truth."
I'm looking for a book by Isabel Allende that talks about the Chilean dictatorship.,BookWorm: Isabel Allende's 'The House of the Spirits' is a novel that talks about the Chilean dictatorship.,'The House of the Spirits' by Isabel Allende is about the Chilean dictatorship.,TRUE,"The output correctly identifies 'The House of the Spirits' by Isabel Allende as a book that discusses the Chilean dictatorship, which matches the ground_truth information, hence it is an entailment."
Who directed The Godfather?,MovieBuff: The Godfather was directed by Francis Ford Coppola.,Francis Ford Coppola,TRUE,"The output correctly identifies Francis Ford Coppola as the director of The Godfather, which matches the ground_truth."
I'd like to find information about the latest Marvel movie releases.,ReMaster: Avengers: Endgame by Marvel Studios is not a recent movie.,"Shang-Chi and the Legend of the Ten Rings, Eternals",FALSE,"The output provides incorrect information about Marvel's recent movie releases. The output states 'Avengers: Endgame' which was released in 2019 instead of the latest releases, 'Shang-Chi and the Legend of the Ten Rings' and 'Eternals' (both released in 2021). Additionally, ReMaster is responsible for music-related queries, not movies."
Give me a list of top Billboard songs of 2022.,BookWorm: The list of top Billboard songs of 2022 is not available in the BookWorm database.,Harry Styles: As It Was; Lizzo: About Damn Time; Steve Lacy: Bad Habit.,FALSE,"The output incorrectly selected the BookWorm agent instead of ReMaster for a query about Billboard songs, leading to an inability to provide the correct list of top Billboard songs."
What are the latest episodes of the TV show 'The Office' available on TVC?,MovieBuff: 'The Office' latest episodes not available.,"'The Office' latest episodes include 'The Delivery', 'Happy Hour', and 'Secretary's Day'",FALSE,"The output fails to provide the correct information about the latest episodes of 'The Office' and incorrectly indicates that the information is not available. Additionally, the wrong agent (MovieBuff) was selected for this query."
What award did the movie 'Parasite' win at the 2020 Oscars?,Web: Parasite is a South Korean movie directed by Bong Joon-ho.,Best Picture,FALSE,The response does not answer the question or provide the correct information related to the award won by 'Parasite' at the 2020 Oscars.
I'm interested in Shakespearean plays available in the MediaCo library.,"BookWorm: Some of the famous works available are 'Hamlet', 'Macbeth', and 'Othello'.","'Hamlet', 'Macbeth', 'Othello'",TRUE,The response correctly identifies the Shakespearean plays available in the MediaCo library as per the ground truth data.
Which songs were nominated for Best Song at the 2021 Academy Awards?,"BookWorm: The Academy Awards nominates for various categories including Best Picture, Best Actor and more.","Fight for You, Hear My Voice, Husavik, Io Si, Speak Now",FALSE,"The response from the BookWorm agent does not address the user's query about songs nominated for Best Song at the 2021 Academy Awards. The correct information is not provided, thus classifying this as a negation or contradiction."
What films were released by MediaCo Film Studio in 2021?,ReMaster: MediaCo Film Studio released no films in 2021.,"The Digital Frontier, Cyber Warriors",FALSE,"The response is a contradiction since the output states MediaCo Film Studio released no films in 2021, while the ground truth lists films such as 'The Digital Frontier' and 'Cyber Warriors' released by MediaCo Film Studio in 2021."
I'm looking for a book by Yuval Noah Harari that provides an in-depth look at the history of humankind.,BookWorm: Sapiens: A Brief History of Humankind by Yuval Noah Harari provides an in-depth look at the history of humankind.,Sapiens: A Brief History of Humankind,TRUE,"The output correctly identifies 'Sapiens: A Brief History of Humankind' by Yuval Noah Harari as the book being searched for. The information is accurate and corresponds to the input query, hence it is an entailment."
I'd like to find more about 'The Great Gatsby' movie released in 2013.,ReMaster: 'The Great Gatsby' is a novel by F. Scott Fitzgerald.,"'The Great Gatsby' is a movie released in 2013, directed by Baz Luhrmann.",FALSE,"The output is incorrect because it refers to a book by F. Scott Fitzgerald instead of the 2013 movie directed by Baz Luhrmann, contradicting the ground truth."
I'm looking for a book about the fall of the Berlin Wall that was published in 1990.,BookWorm: The Collapse: The Accidental Opening of the Berlin Wall is a book published in 2014 about the fall of the Berlin Wall.,The Collapse: The Accidental Opening of the Berlin Wall (2014),TRUE,The generated output correctly identifies the book's subject and publication year as per the ground truth.
I'm looking for new music albums released in 2021.,ReMaster: Olivia Rodrigo's album 'SOUR' was released in 2021.,Olivia Rodrigo's 'SOUR' (2021),TRUE,"The output correctly identifies Olivia Rodrigo's album 'SOUR' as a new music release in 2021, which aligns with the ground truth."
Who directed the 2000 adaptation of American Psycho?,MovieBuff: The 2000 adaptation of American Psycho was directed by Mary Harron.,Mary Harron,TRUE,"The output accurately identifies Mary Harron as the director of the 2000 adaptation of American Psycho, which matches the ground truth. Therefore, the label is entailment."
Can you find me a romantic comedy movie released in 2012?,MovieBuff: Silver Linings Playbook is a romantic comedy movie released in 2012.,Silver Linings Playbook,TRUE,"The output correctly identifies 'Silver Linings Playbook' as a romantic comedy movie released in 2012, fully meeting the ground truth and the user's request."
Who stars in the latest Marvel movie?,BookWorm: The latest Marvel encyclopedia is available for purchase.,Simu Liu,FALSE,"The response does not provide the information about who stars in the latest Marvel movie, and it refers to a book instead of a movie. Thus, the output contradicts the ground truth."
I want to know which songs are trending this week on the MediaCo TV network.,TVC: No trending songs information available this week. TVC focuses on television content.,MediaCo TV network does not provide trending songs information.,TRUE,"The output correctly indicates that the MediaCo TV network does not provide trending songs information, aligning with the ground truth statement."
Tell me about a popular single released by Adele.,ReMaster: 'Hello' is a song by Adele that topped the charts in multiple countries.,'Hello',TRUE,"The output correctly identifies 'Hello' as a popular single by Adele, which matches the ground truth. So the label is entailment (1)."
Can you find me a popular science fiction novel written by Isaac Asimov?,ReMaster: Isaac Asimov is known for his contributions to science fiction literature.,"Isaac Asimov's popular science fiction novel is ""Foundation""",FALSE,The output does not provide the specific information requested by the user. It merely acknowledges Asimov's contributions to science fiction without identifying a specific novel. This does not match the ground truth.
What recent movies has Tom Hanks starred in?,BookWorm: Tom Hanks starred in The Da Vinci Code and Angels & Demons.,"A Man Called Otto, Finch, News of the World",FALSE,The output lists movies that are not recent and does not align with the ground_truth which lists recent movies.
I want to find a classical music album by Ludovico Einaudi.,BookWorm: Ludovico Einaudi is an author known for his works on Italian history.,Seven Days Walking,FALSE,"The output incorrectly identifies Ludovico Einaudi as an author and does not mention the classical music album 'Seven Days Walking' by Ludovico Einaudi, constituting a contradiction with the ground_truth."
Who stars in the upcoming James Bond movie?,TVC: James Bond is a British secret agent created by writer Ian Fleming.,Timothée Chalamet,FALSE,"The output does not provide the correct information about the upcoming James Bond movie nor does it mention the actor Timothée Chalamet, leading to a contradiction."
Which film won the Academy Award for Best Picture in 2010?,MovieBuff: The Hurt Locker won the Academy Award for Best Picture in 2010.,The Hurt Locker,TRUE,"The output correctly provides the name of the film 'The Hurt Locker' that won the Academy Award for Best Picture in 2010, which aligns with the ground truth."
What are the top songs by Taylor Swift from 2022?,"ReMaster: Anti-Hero, Lavender Haze, and Karma are among the top songs by Taylor Swift from 2022.","Anti-Hero, Lavender Haze, Karma",TRUE,"The output correctly lists 'Anti-Hero', 'Lavender Haze', and 'Karma' as top songs by Taylor Swift from 2022, which aligns with the ground_truth. Therefore, the label is 1 (entailment)."
I'm looking for a Margaret Atwood book published after 2010.,BookWorm: The Heart Goes Last by Margaret Atwood was published in 2015.,The Heart Goes Last by Margaret Atwood was published in 2015,TRUE,"The response correctly identifies a Margaret Atwood book published after 2010, matching the criteria stated in the input and ground_truth provided."
I'm looking for a novel by Agatha Christie set in a desert.,BookWorm: They Came to Baghdad is a novel by Agatha Christie set in a desert.,They Came to Baghdad,TRUE,"The output correctly provides the name of a novel by Agatha Christie that is set in a desert, which matches the input query and the ground_truth."
What's a popular song by Adele?,ReMaster: 'Rolling in the Deep' is a popular song by Adele.,'Rolling in the Deep',TRUE,"The output provided by ReMaster correctly identifies 'Rolling in the Deep' as a popular song by Adele, which matches the ground truth."
Has the Rolling Stones ever performed in Hyde Park?,ReMaster: The Rolling Stones performed in Hyde Park in 1969.,The Rolling Stones had a famous concert in Hyde Park in 1969.,TRUE,"The output confirms that The Rolling Stones performed in Hyde Park in 1969, which is aligned with the ground truth mentioning the famous concert in Hyde Park in 1969. Hence, this is an entailment."
What movies did the MediaCo Film Studio release in 2021?,MovieBuff: The MediaCo Film Studio released 'A Summer to Remember' and 'Ocean's Melody' in 2021.,"A Summer to Remember, Ocean's Melody",TRUE,The output correctly provides the names of the movies released by MediaCo Film Studio in 2021 which matches the ground_truth information.
What are the bestselling fantasy books published by MediaCo in 2022?,BookWorm: The bestsellers for fantasy books from MediaCo in 2022 include 'The Dragon's Path' and 'The Wolf's Call'.,"'The Dragon's Path', 'The Wolf's Call'",TRUE,"The output correctly identifies 'The Dragon's Path' and 'The Wolf's Call' as bestselling fantasy books published by MediaCo in 2022, which matches the ground truth."
Find some classical music by Johann Sebastian Bach.,ReMaster: Johann Sebastian Bach was a composer during the Baroque period.,"Brandenburg Concertos, The Well-Tempered Clavier, Mass in B minor",FALSE,"The output does not list any specific classical music pieces by Johann Sebastian Bach, unlike the ground truth. It only provides general information about the composer."
I need to find remastered albums from The Beatles that were released in the 2000s.,ReMaster: The Beatles albums Love (2006) and Let It Be... Naked (2003) were remastered and released in the 2000s.,"Love (2006), Let It Be... Naked (2003)",TRUE,"The output correctly identifies the remastered Beatles albums released in the 2000s, making it an entailment case."
Give me some information on the latest album by Kendrick Lamar.,"ReMaster: Mr. Morale & The Big Steppers is the latest album by Kendrick Lamar, released in 2022.",Mr. Morale & The Big Steppers,TRUE,"The output provides accurate information about Kendrick Lamar's latest album, including its name and release year, which matches the ground_truth."
Tell me about the 2020 film that won an Academy Award for Best Picture.,BookWorm: First Person Singular is a novel by Haruki Murakami that was published in 2020.,Parasite (2020),FALSE,"The output from BookWorm provides information about a book rather than the relevant film, Parasite, which won the 2020 Academy Award for Best Picture, resulting in a contradiction."
Who is the lead singer on the album 'Hybrid Theory' by Linkin Park?,ReMaster: The lead singer on the album 'Hybrid Theory' by Linkin Park is Chester Bennington.,Chester Bennington,TRUE,"The output by ReMaster accurately provides the name of Chester Bennington as the lead singer of the album 'Hybrid Theory' by Linkin Park, which matches the ground truth."
Is there a sequel to the book First Person Singular by Haruki Murakami?,"BookWorm: First Person Singular is a collection of short stories by Haruki Murakami, released in 2020. There is no sequel to this collection.","No, First Person Singular does not have a sequel.",TRUE,The output from the agent correctly matches the ground truth because both indicate that 'First Person Singular' does not have a sequel.
Which actor voices Shrek in the movies?,MovieBuff: Mike Myers voices Shrek in the movies.,Mike Myers,TRUE,"The output correctly identifies Mike Myers as the actor who voices Shrek in the movies, which aligns with the ground truth."
What album won the Grammy for Album of the Year in 2019?,ReMaster: Kacey Musgraves' Golden Hour won Album of the Year in 2018.,Kacey Musgraves' Golden Hour,FALSE,"The output mentions the correct album, 'Golden Hour' by Kacey Musgraves, but it states an incorrect year (2018) compared to the input query (2019). Hence, this is a contradiction."
Tell me the latest movie release by MediaCo Film Studio.,MovieBuff: The latest movie released by MediaCo Film Studio is 'The Final Front'.,The Final Front,TRUE,The output correctly identifies 'The Final Front' as the latest movie released by MediaCo Film Studio.
I want to find the latest album released by Beyonce.,BookWorm: There are no books authored by Beyonce in our records.,Renaissance,FALSE,"The output from the 'BookWorm' agent is not relevant to the input query, which is about Beyonce's latest album. The correct agent should have been 'ReMaster' as it handles music-related searches."
Who are the main characters in the movie Inception?,"MovieBuff: The main characters in Inception are Dom Cobb, Robert Fischer, and Ariadne.","Dom Cobb, Robert Fischer, Ariadne, Eames, Saito, Arthur, and Mal",TRUE,"The output correctly identifies some of the main characters in the movie Inception, consistent with the ground truth."
I'm looking for the sci-fi movie directed by Steven Spielberg.,MovieBuff: Ready Player One is a sci-fi movie directed by Steven Spielberg.,Ready Player One,TRUE,"The output accurately provides a sci-fi movie directed by Steven Spielberg, matching the input query."
I'm looking for a book by Stephen King that was published in 2015.,BookWorm: It was published by Stephen King in 2015.,Finders Keepers (2015),FALSE,The output incorrectly attributes 'It' to be published in 2015 by Stephen King. The correct book should be 'Finders Keepers' published in the same year.
Tell me about the latest album by Taylor Swift.,ReMaster: The latest album by Taylor Swift is 'Midnights' released in 2022.,'Midnights' (2022),TRUE,"The output correctly identifies Taylor Swift's latest album, matching the ground truth."
Is there any information on the album 'The Dark Side of the Moon' by Pink Floyd?,"ReMaster: 'The Dark Side of the Moon' is an album by the rock band Pink Floyd, released in 1973.","The Dark Side of the Moon is an album by Pink Floyd, released in 1973.",TRUE,"The output accurately identifies 'The Dark Side of the Moon' as an album by Pink Floyd and mentions the release year 1973, which aligns with the ground truth."
I'd like to listen to some jazz music from the 1950s.,ReMaster: Miles Davis' album 'Kind of Blue' (1959) is a classic jazz album from the 1950s.,Miles Davis' album 'Kind of Blue' (1959),TRUE,"The agent ReMaster correctly identifies 'Kind of Blue' by Miles Davis as a classic jazz album from the 1950s, which matches the user's request."
Is there a documentary about climate change produced by MediaCo?,MovieBuff: There is a documentary titled 'Climate Crisis: MediaCo's Perspective' produced by MediaCo Film Studio.,Climate Crisis: MediaCo's Perspective,TRUE,"The output correctly identifies a MediaCo-produced documentary about climate change, which matches the provided ground truth."
What are some popular detective novels?,BookWorm: Sherlock Holmes by Arthur Conan Doyle is a popular detective series.,Sherlock Holmes by Arthur Conan Doyle,TRUE,"The output correctly identifies Sherlock Holmes by Arthur Conan Doyle as a popular detective series, which matches the ground truth."
What music albums were released by MediaCo Music label in 2021?,BookWorm: No information found for MediaCo Music label releases in 2021.,"Call Me If You Get Lost, Happier Than Ever, Montero",FALSE,"The output is generated by an incorrect agent (BookWorm instead of ReMaster) and does not contain any information about the music albums released by MediaCo Music label in 2021, directly contradicting the ground truth."
Which TV show won the most Emmy awards in 2019?,TVC: Chernobyl won the most Emmy awards in 2019.,Chernobyl,TRUE,"The output correctly identifies the TV show 'Chernobyl' as the one that won the most Emmy awards in 2019, which matches the ground truth."
What was the highest-grossing film of 2020?,MovieBuff: The highest-grossing film of 2020 was 'The Eight Hundred'.,'The Eight Hundred',TRUE,"The output correctly identifies 'The Eight Hundred' as the highest-grossing film of 2020, which matches the ground truth."
Tell me about the latest Marvel movie released this year.,MovieBuff: The latest Marvel movie released this year is Doctor Strange in the Multiverse of Madness.,Doctor Strange in the Multiverse of Madness,TRUE,"The output correctly identifies 'Doctor Strange in the Multiverse of Madness' as the latest Marvel movie released this year, which aligns with the ground_truth."
Who stars in the podcast series 'The Growth Show'?,Web: 'The Growth Show' stars HubSpot co-founder Dharmesh Shah.,Dharmesh Shah,TRUE,"The output correctly identifies Dharmesh Shah as the star of 'The Growth Show', which matches the ground truth."
What is the latest song released by Taylor Swift?,MovieBuff: Taylor Swift starred in the movie 'Cats'.,'Cardigan',FALSE,"The output does not address the query about Taylor Swift's latest song but instead provides information about her role in a movie, which contradicts the ground truth."
What upcoming movies should I watch out for in 2023?,"MovieBuff: Some of the most anticipated movies of 2023 include Avatar 3, Guardians of the Galaxy Vol. 3, and John Wick: Chapter 4","Avatar 3, Guardians of the Galaxy Vol. 3, John Wick: Chapter 4",TRUE,"The output matches the expected ground_truth, and it correctly identifies anticipated movies of 2023."
What's the name of the sci-fi TV show starring David Duchovny?,BookWorm: The X-Files is a sci-fi TV show starring David Duchovny.,The X-Files,FALSE,"The output incorrectly attributes the answer to the BookWorm agent instead of the TVC agent, leading to a contradiction in the agent selection despite the correct information."
What new albums were released by MediaCo Music in 2022?,"ReMaster: In 2022, MediaCo Music released albums such as 'Eclipse,' 'Horizon,' and 'Neon Lights.'","Eclipse, Horizon, Neon Lights",TRUE,"The output from ReMaster correctly lists all the albums that were released by MediaCo Music in 2022, matching the ground truth."
Which classic 90s movies are produced by MediaCo's Film Studio?,MovieBuff: The Matrix is a classic 90s movie produced by MediaCo's Film Studio.,The Matrix,TRUE,The output matches the information provided in the ground truth and accurately responds to the input query
What movies did MediaCo Film Studio release in 2019?,MovieBuff: MediaCo Film Studio released 'Movie A' and 'Movie B' in 2019.,"Movie A, Movie B",TRUE,"The output correctly lists the movies released by MediaCo Film Studio in 2019, matching the ground truth."
Find movies that feature Tom Hanks.,ReMaster: Forrest Gump is a song by Tom Hanks.,"Cast Away, Forrest Gump, Saving Private Ryan, The Green Mile",FALSE,The output incorrectly provides music information rather than listing movies featuring Tom Hanks.
I'd like to watch a romantic movie released after 2010. What do you recommend?,MovieBuff: 'La La Land' is a widely acclaimed romantic movie released in 2016.,'La La Land (2016)',TRUE,The output directly answers the request in the input by recommending a romantic movie that was released after 2010. The ground truth confirms that 'La La Land' was released in 2016.
What songs composed by Hans Zimmer are popular?,"ReMaster: Hans Zimmer's popular songs include Time from Inception, and He's a Pirate from Pirates of the Caribbean.",ReMaster: Some of Hans Zimmer's popular compositions are Time from Inception and He's a Pirate from Pirates of the Caribbean.,TRUE,The output accurately retrieves and mentions the popular songs composed by Hans Zimmer as stated in the ground_truth.
What was the biggest box office hit in 2010?,MovieBuff: The biggest box office hit in 2010 was 'Avatar' directed by James Cameron.,'Toy Story 3' was the highest-grossing film of 2010.,FALSE,"The output states 'Avatar' as the biggest hit of 2010, which contradicts the ground truth that mentions 'Toy Story 3'."
What films released by MediaCo Film Studio in 2022 were nominated for an Oscar?,MovieBuff: The Welshman was released by MediaCo Film Studio in 2022 and was nominated for an Oscar.,The Welshman,TRUE,The response from MovieBuff correctly identifies 'The Welshman' as a film released by MediaCo Film Studio in 2022 and specifies that it was nominated for an Oscar. This aligns with the provided ground truth.
What was the best movie of 2022?,MovieBuff: Everything Everywhere All at Once won the Academy Award for Best Picture in 2022.,Everything Everywhere All at Once,TRUE,"The output correctly identifies 'Everything Everywhere All at Once' as the best movie of 2022, aligning with the ground truth."
What new shows are premiering this fall on TVC?,TVC: The Masked Singer and The Great British Bake Off are premiering this fall on TVC.,"The Masked Singer, The Great British Bake Off",TRUE,"The output correctly identifies the shows that are premiering this fall on TVC, which matches the ground_truth."
Can you tell me which of Haruki Murakami's books came out in 2021?,BookWorm: Haruki Murakami released 'Murakami T: The T-Shirts I Love' in 2021.,'Murakami T: The T-Shirts I Love (2021)',TRUE,"The output correctly responds to the input, accurately stating the book 'Murakami T: The T-Shirts I Love' by Haruki Murakami, which was released in 2021, as per the ground truth. This makes it an entailment."
Can you recommend a good TV show that aired in 2021?,BookWorm: The Night Watchman by Louise Erdrich is a great book from 2021.,The Queen's Gambit,FALSE,"The output is related to a book rather than a TV show, which does not answer the user's query accurately. Therefore, it is a contradiction (negative example)."
What is the new TV show released on the MediaCo TV network?,ReMaster: The newest release is a documentary on the origins of jazz music.,The new TV show is a crime drama called 'City Lights'.,FALSE,"The output from the ReMaster agent provides information about a music documentary, which is irrelevant to the query about a new TV show release on the MediaCo TV network. This indicates a contradiction between the output and the ground truth."
What are some popular science fiction books from the 21st century?,BookWorm: Dune by Frank Herbert is one of the most popular science fiction books of the 21st century.,"Dune was published in 1965, so it is not a 21st-century book.",FALSE,The output provides incorrect information as 'Dune' is not a 21st-century book.
I'm looking for the biography of Elon Musk.,TVC: We have all the latest reality TV shows for you to enjoy.,"Elon Musk: Tesla, SpaceX, and the Quest for a Fantastic Future",FALSE,"The output does not address the input query at all. The query was related to the biography of Elon Musk, but the output response was about reality TV shows, making it a contradiction."
Who stars in the adaptation of J.K. Rowling's 'Fantastic Beasts'?,Web: J.K. Rowling wrote the book series 'Harry Potter'.,Eddie Redmayne as Newt Scamander,FALSE,"The output does not answer the query about the cast of the adaptation of 'Fantastic Beasts', making it irrelevant and contradicting the expected response."
Who won the Grammy Award for Album of the Year in 2015?,ReMaster: The Grammy Award for Album of the Year in 2015 was won by Beck for his album Morning Phase.,Beck - Morning Phase,TRUE,"The output correctly identifies Beck and his album Morning Phase as the winners of the Grammy Award for Album of the Year in 2015, matching the ground_truth."
What music albums were released by Beyonce in 2016?,"ReMaster: Beyonce released her album ""Lemonade"" in 2015.",Lemonade (2016),FALSE,"The output incorrectly states that Beyonce's album ""Lemonade"" was released in 2015, whereas the correct release year is 2016, which directly contradicts the ground truth."
Who won the Grammy for Record of the Year in 2022?,BookWorm: The Grammys do not have a category for Record of the Year.,Silk Sonic for 'Leave The Door Open',FALSE,"The output from BookWorm incorrectly states that the Grammys do not have a category for Record of the Year, which directly contradicts the ground truth, indicating that Silk Sonic won the award for 'Leave The Door Open' in 2022. Additionally, the BookWorm agent is not suitable for answering music-related queries."
What movies are produced by MediaCo Film Studio in 2021?,"MovieBuff: MediaCo Film Studio produced several movies in 2021, including The Great Adventure and Space Odyssey.","The Grand Tour, Wild Wild East",FALSE,"The output mentions movies that are different from the ones in the ground truth, which makes it a contradiction."
Can you find me a TV show featuring a former Disney star?,TVC: High School Musical is a 2006 American musical telefilm written by Peter Barsocchini.,"TVC: Wizards of Waverly Place is a TV show featuring Selena Gomez, a former Disney star.",FALSE,"The entity 'High School Musical' as the output do not match the expectations set by 'Wizards of Waverly Place' in the ground_truth, given the query specifies 'a former Disney star' and 'High School Musical' includes multiple leads, not focusing on a single former Disney star."
I want to watch a horror movie released in 2021.,MovieBuff: The Conjuring: The Devil Made Me Do It was released in 2021 and it's a horror movie.,The Conjuring: The Devil Made Me Do It (2021),TRUE,"The output correctly identifies 'The Conjuring: The Devil Made Me Do It' as a horror movie released in 2021, which matches the ground truth."
I want to find a book by George Orwell published in 1945.,BookWorm: Animal Farm is a novel by George Orwell that was published in 1949.,Animal Farm (1945),FALSE,"The output incorrectly states that 'Animal Farm' was published in 1949, whereas the correct year of publication is 1945, making this a contradiction."
What was the winning song at the 2021 Grammy Awards?,ReMaster: Drivers License by Olivia Rodrigo won the 2021 Grammy for Best Song.,I Can't Breathe by H.E.R.,FALSE,"The output provided by ReMaster is incorrect. The winning song at the 2021 Grammy Awards for Best Song was 'I Can't Breathe' by H.E.R., not 'Drivers License' by Olivia Rodrigo."
Can you find a book by J.K. Rowling published after 2015?,BookWorm: Fantastic Beasts and Where to Find Them - published in 2016.,Fantastic Beasts and Where to Find Them (2016),TRUE,"The output correctly lists 'Fantastic Beasts and Where to Find Them' by J.K. Rowling, which was published in 2016, matching the input's request for a book published after 2015."
Name a song by BTS that became a global hit.,ReMaster: Fire is a song by BTS that became a global hit.,Dynamite,FALSE,The song 'Fire' by BTS is not the accurate answer as needed by the user and 'Dynamite' is the correct global hit song by BTS.
Who produced the 2020 film adaptation of Jack London's Call of the Wild?,BookWorm: The Call of the Wild was written by Jack London in 1903.,Erwin Stoff,FALSE,"The output does not answer the input question correctly. The input asks for the producer of the 2020 film adaption, whereas the output gives information about the original book."
What awards has Edgar Wright won?,ReMaster: Edgar Wright is a British filmmaker known for his movies like Shaun of the Dead.,Edgar Wright has won several awards including the Empire Award for Best Director and the British Independent Film Award for Best Director.,FALSE,"The output does not address the awards won by Edgar Wright and instead provides information about his work, making it a clear contradiction."
Can you recommend a 2017 crime drama movie by MediaCo Film Studio?,MovieBuff: Wind River is a 2017 crime drama movie produced by MediaCo Film Studio.,Wind River,TRUE,"The question asks for a 2017 crime drama movie by MediaCo Film Studio, and the output correctly provides 'Wind River,' a 2017 crime drama produced by MediaCo Film Studio."
I want to watch a romantic comedy movie from the 90s.,BookWorm: Pride and Prejudice is a romantic novel by Jane Austen.,"Notting Hill, Pretty Woman, 10 Things I Hate About You",FALSE,"The response from BookWorm gives information about a novel, not a romantic comedy movie from the 90s, thus contradicting the ground truth. The correct agent here would have been MovieBuff."
Who won the Best Actor Oscar in 2001?,ReMaster: The Best Actor Oscar went to Russell Crowe for Gladiator.,Denzel Washington for Training Day,FALSE,"The output claims Russell Crowe won the Best Actor Oscar in 2001, but the ground truth indicates Denzel Washington won for Training Day."
Who starred as the main character in the 1994 adaptation of 'Little Women'?,MovieBuff: Winona Ryder played the main role in the 1994 adaptation of 'Little Women'.,"'Little Women' (1994) stars Winona Ryder as Jo March, Susan Sarandon as Marmee, and Kirsten Dunst as Amy.",FALSE,"The output provides an incomplete list of the main cast, missing Susan Sarandon and Kirsten Dunst. Thus, it contradicts the ground truth."
What is the name of the author of the book 1984?,BookWorm: The author of the book 1984 is George Orwell.,George Orwell,TRUE,"The output correctly identifies George Orwell as the author of the book 1984, which matches the ground truth."
I'm looking for recent hits by Billie Eilish.,ReMaster: 'Ocean Eyes' is a song by Billie Eilish.,Recent hits include 'Happier Than Ever' and 'Therefore I Am'.,FALSE,"The output 'Ocean Eyes' is not a recent hit by Billie Eilish, therefore it contradicts the ground_truth which lists 'Happier Than Ever' and 'Therefore I Am' as recent hits."
I want to read a science fiction book by Ursula K. Le Guin.,BookWorm: The Dispossessed is a science fiction book by Ursula K. Le Guin.,The Dispossessed by Ursula K. Le Guin,TRUE,"The AI's output correctly identifies 'The Dispossessed' as a science fiction book by Ursula K. Le Guin, fulfilling the input query perfectly. The ground truth confirms this match, making it an entailment."
Find a live concert by BTS.,BookWorm: BTS is a popular K-pop band with several books written about them.,Map of the Soul ON:E (2021),FALSE,The response given by BookWorm is irrelevant as it focuses on books about BTS rather than finding a live concert by BTS.
Can you suggest a good mystery novel?,ReMaster: Thriller by Michael Jackson is an iconic mystery novel.,"The Girl with the Dragon Tattoo by Stieg Larsson, Gone Girl by Gillian Flynn",FALSE,"The output incorrectly identifies 'Thriller' by Michael Jackson as a mystery novel, leading to a contradiction with the expected ground truth, which contains titles of actual mystery novels."
What are the latest movies released by MediaCo Film Studio?,"MovieBuff: The latest movies released by MediaCo Film Studio are 'The Last Voyage', 'Storm Chasers', and 'Return to Mars'.","'The Last Voyage', 'Storm Chasers', and 'Return to Mars'",TRUE,"The output correctly identifies the latest movies released by MediaCo Film Studio, and the details match the ground truth."
Can you recommend some jazz albums by John Coltrane?,"ReMaster: A Love Supreme, Blue Train, Giant Steps","A Love Supreme, Blue Train, Giant Steps",TRUE,"The output provided by the ReMaster agent correctly identifies 3 jazz albums by John Coltrane, which precisely matches the expected output."
What awards has the song Old Town Road won?,ReMaster: Old Town Road by Lil Nas X won 2 Grammy Awards for Best Music Video and Best Pop Duo/Group Performance.,"Best Music Video, Best Pop Duo/Group Performance",TRUE,"The output from the ReMaster agent correctly identifies the awards won by 'Old Town Road,' matching the ground truth values."
Can you tell me which Madonna albums reached number one?,"ReMaster: Like a Virgin, True Blue, Like a Prayer","Like a Virgin, True Blue, Like a Prayer",TRUE,"The output correctly identifies the albums by Madonna that reached number one, matching the ground truth. Therefore, this is an example of entailment."
What events are happening in the latest season of RuPaul's Drag Race?,"TVC: The latest season of RuPaul's Drag Race features the Snatch Game, Rusical, and the Ball challenge.","Snatch Game, Rusical, Ball challenge",TRUE,The output correctly identifies the events happening in the latest season of RuPaul's Drag Race as stated in the ground truth.
Find me the new music album by Chillhop.,BookWorm: Chillhop Essentials is a new album by Chillhop released in 2023.,Chillhop Essentials (2023),FALSE,The BookWorm agent is not the correct agent to retrieve music albums. The correct agent should be ReMaster.
I'm looking for novels by Jane Austen that were published in the early 1800s.,BookWorm: Pride and Prejudice by Jane Austen was published in 1813.,Pride and Prejudice (1813),TRUE,"The output accurately identifies a novel by Jane Austen published in the early 1800s, which matches the ground truth."
I'm looking for a thriller movie released in 1995.,BookWorm: 'The Bourne Identity' is a thriller novel by Robert Ludlum released in 1980.,"Seven (1995), The Usual Suspects (1995)",FALSE,"The output incorrectly uses the BookWorm agent to respond to a query about movies. Additionally, it mentions 'The Bourne Identity,' a book released in 1980, which does not match the query for a 1995 thriller movie."
I'm looking for books on World War II.,ReMaster: The album 'World War II' by Bob Dylan offers deep insight into the events of the war.,"Band of Brothers by Stephen E. Ambrose, The Diary of a Young Girl by Anne Frank, The Rise and Fall of the Third Reich by William L. Shirer",FALSE,"The output comes from the ReMaster agent, which focuses on music-related data, while the input clearly asks for books about World War II. The provided ground truth lists books about World War II, none of which are mentioned in the output."
Which books by J.K. Rowling were published under the pseudonym Robert Galbraith?,"BookWorm: J.K. Rowling published The Cuckoo's Calling, The Silkworm, Career of Evil, and Lethal White under the pseudonym Robert Galbraith.","The Cuckoo's Calling, The Silkworm, Career of Evil, Lethal White",TRUE,"The output correctly identifies the books J.K. Rowling published under the pseudonym Robert Galbraith, matching the ground truth."
When was the album 'Thriller' by Michael Jackson released?,BookWorm: 'Thriller' by Michael Jackson was released in 1982.,'Thriller' by Michael Jackson was released in 1982.,FALSE,"The agent selected is incorrect. The input is about a music album, so ReMaster should have been selected instead of BookWorm, even though the information provided is accurate."
Who won the Best Picture award at the Oscars in 2020?,"MovieBuff: Parasite, directed by Bong Joon Ho, won the Best Picture award at the 2020 Academy Awards.",Bong Joon Ho for Best Director,FALSE,"The output claims the Best Picture award was won by 'Parasite', but the ground truth indicates it was 'Bong Joon Ho for Best Director'; these are contradictory statements as 'Best Picture' is different from 'Best Director'."
I'm looking for a book by Agatha Christie.,BookWorm: Agatha Christie's 'The Murder of Roger Ackroyd' was published in 1926.,Agatha Christie is a famous author known for her mystery novels.,FALSE,"The output correctly provides information about an Agatha Christie book, but the ground truth expected a broader or different context about the author rather than specific book information. This makes the output incorrect when compared to the expected context."
What new movies were released by MediaCo in the last year?,"MovieBuff: MediaCo released Wonder Woman 1984, Tenet, and Mulan in the last year.","Wonder Woman 1984, Tenet, Mulan",TRUE,"The output lists the movie titles released by MediaCo in the last year, which matches the ground_truth."
I'm looking for a book by Neil Gaiman that has illustrations.,BookWorm: Neil Gaiman's The Sleeper and the Spindle is an illustrated book.,The Sleeper and the Spindle,TRUE,"The output correctly identifies 'The Sleeper and the Spindle' as a book by Neil Gaiman that includes illustrations, which matches the context given in 'ground_truth.'"
Can you tell me about the book 'The Catcher in the Rye'?,"BookWorm: 'The Catcher in the Rye' is a novel by J.D. Salinger, first published in 1951. It is about a teenager named Holden Caulfield and his experiences in New York City.","'The Catcher in the Rye' is a novel by J.D. Salinger, first published in 1951.",TRUE,"The output accurately provides information about 'The Catcher in the Rye,' consistent with the ground truth, thus entailing the input query."
Can you tell me about the latest Marvel movie released in 2023?,"BookWorm: Marvel Comics has many characters like Spider-Man, Iron Man, and Thor.",Ant-Man and The Wasp: Quantumania (released in 2023),FALSE,"The output provided by BookWorm does not answer the query about the latest Marvel movie released in 2023. Instead, it talks about Marvel Comics characters, which is not relevant to the query."
What documentaries are currently available on MovieBuff?,BookWorm: The Great Gatsby is a classic novel.,"Inside Job, Planet Earth",FALSE,The output from BookWorm talks about a novel that is irrelevant to the query about documentaries and does not match the ground truth information.
I am looking for the latest movie released by MediaCo Film Studio.,TVC: The latest movie released by MediaCo Film Studio is 'Galactic War' which came out last week.,Unknown,FALSE,"The agent TVC is incorrectly responding to a query that should be handled by MovieBuff, leading to an inaccurate or irrelevant response. Therefore, the output contradicts the ground truth."
Which recent movies starring Leonardo DiCaprio are available in the MediaCo library?,"MovieBuff: Inception, Titanic, The Revenant","Once Upon a Time in Hollywood, The Revenant, Don't Look Up",FALSE,"The output includes Inception and Titanic, which are not recent movies, and misses Once Upon a Time in Hollywood and Don't Look Up, which should be in the answer instead."
What awards has MediaCo Film studio won for Best Picture?,MovieBuff: MediaCo Film Studio won the Best Picture award for The Art of War in 2019.,The Art of War (2019),TRUE,The output from MovieBuff correctly states that MediaCo Film Studio won the Best Picture award for 'The Art of War' in 2019. The information matches the ground truth.
What are some of the notable works by Stephen King?,"BookWorm: Stephen King's notable works include 'The Shining', 'It', and 'Misery'.","'The Shining', 'It', 'Misery', 'Carrie','The Dark Tower'",TRUE,"The output correctly mentions notable works by Stephen King that are also in the ground_truth, even if not all notable works are listed. This makes the response accurate and thus entails the ground_truth."
Who stars in the final season of the TV show Parks and Recreation?,ReMaster: 'Parks and Recreation' by Ludwig Göransson is the original soundtrack for the TV show.,"Amy Poehler, Rashida Jones, Nick Offerman",FALSE,"The output does not provide information about the stars of the final season of 'Parks and Recreation' but rather discusses the soundtrack, leading to a contradiction with the ground truth."
What songs by The Beatles were released in 1965?,ReMaster: Hey Jude by The Beatles was released in 1965.,"Help!, Yesterday, Ticket to Ride",FALSE,"The output states a song by The Beatles that was released in 1965, but 'Hey Jude' was actually released in 1968. The ground_truth lists songs that were correctly released in 1965 for contradicted information."
What are the latest movies released by MediaCo in 2022?,"MovieBuff: MediaCo released 'The Lost City', 'Bullet Train', and 'Nope' in 2022.","The Lost City, Bullet Train, Nope",TRUE,The output correctly lists the movies released by MediaCo in 2022 as found in the ground truth.
I'm looking for recent movies featuring Tom Hanks.,MovieBuff: A Beautiful Day in the Neighborhood (2019) features Tom Hanks.,A Beautiful Day in the Neighborhood (2019),TRUE,"The output correctly identifies a recent movie featuring Tom Hanks, which is consistent with the input query."
What movie stars Brad Pitt and was released in 1999?,"BookWorm: The Catcher in the Rye is a book by J.D. Salinger, published in 1951.",Fight Club,FALSE,"The output from the BookWorm agent is entirely incorrect and irrelevant to the query, which is about a movie starring Brad Pitt released in 1999, specifically 'Fight Club', not a book from 1951."
What movies are released by MediaCo Film Studio in 2023?,TVC: No movies have been released by MediaCo Film Studio in 2023.,"The Quest, Adventure Awaits",FALSE,"The output incorrectly states that no movies were released by MediaCo Film Studio in 2023, while the ground_truth lists 'The Quest' and 'Adventure Awaits' as movies released in 2023. This is a contradiction and should be labeled as false."
Who won the Nobel Prize in Literature in 2017?,BookWorm: The winner of the Nobel Prize in Literature in 2017 is Kazuo Ishiguro.,Kazuo Ishiguro,TRUE,The output correctly identifies Kazuo Ishiguro as the Nobel Prize in Literature winner for 2017.
What was the longest running TV show?,TVC: The Simpsons is considered the longest-running TV show.,The Simpsons,TRUE,"The output correctly identifies 'The Simpsons' as the longest-running TV show, which matches the ground truth."
Find a list of top songs from the year 1999.,BookWorm: The top song in 1999 was published in a book called 'The Year in Music'.,"The top songs in 1999 include '...Baby One More Time' by Britney Spears, 'No Scrubs' by TLC, and 'Livin' la Vida Loca' by Ricky Martin.",FALSE,"The output came from the wrong agent (BookWorm instead of ReMaster). Additionally, it does not list any of the top songs from 1999, contradicting the ground truth."
What is the highest-grossing movie from MediaCo's Film Studio?,MovieBuff: The highest-grossing movie from MediaCo's Film Studio is 'The Prometheus Code'.,'The Prometheus Code',TRUE,"The output correctly identifies 'The Prometheus Code' as the highest-grossing movie from MediaCo's Film Studio, aligning with the ground truth."
Can you find me a list of action movies released by MediaCo in 2015?,"MovieBuff: Here is a list of action movies released by MediaCo in 2015: 'Mad Max: Fury Road', 'Furious 7'.","'Mad Max: Fury Road', 'Furious 7'",TRUE,The output correctly identifies the list of action movies released by MediaCo in 2015 as per the ground truth.
I want to know about the Oscar-winning movies from 2021.,"MovieBuff: The Oscar-winning movies from 2021 include Nomadland, which won Best Picture.","Nomadland won Best Picture in 2021, among other awards.",TRUE,"The output from MovieBuff correctly identifies that Nomadland won the Best Picture award in the Oscars of 2021, which aligns with the ground truth."
What was Ridley Scott's latest movie that was released?,ReMaster: Ridley Scott recently released a new album called Symphony of the Night.,House of Gucci (2021),FALSE,"The output is from the wrong agent (ReMaster instead of MovieBuff) and the information provided is incorrect. Ridley Scott is known for movies, not music, and his latest movie is 'House of Gucci' released in 2021."
Can you tell me about the newest song by Taylor Swift?,BookWorm: Taylor Swift wrote a book named 'Fearless' that was released in 2020.,ReMaster: The newest song by Taylor Swift is 'Anti-Hero.',FALSE,"The output is about a book by Taylor Swift instead of a song, and the wrong agent, BookWorm, was used instead of ReMaster."
Can you suggest a thriller novel published by MediaCo Publishing in 2021?,BookWorm: 'The Last Rescue' is a thriller novel published by MediaCo Publishing in 2021.,'The Last Rescue' (2021),TRUE,"The output correctly identifies 'The Last Rescue' as a thriller novel published by MediaCo Publishing in 2021, which matches the ground_truth."
Please provide me the soundtrack list of the movie 'The Greatest Showman'.,"BookWorm: The Greatest Showman is a book that explores the life of P.T. Barnum, the founder of the Barnum & Bailey Circus.","The Greatest Showman soundtrack includes songs such as 'The Greatest Show', 'This Is Me', and 'Rewrite the Stars' among others.",FALSE,The output provided information related to a book about P.T. Barnum instead of the requested soundtrack list of the movie 'The Greatest Showman'. This constitutes a contradiction as it does not address the user's query correctly.
I'm trying to watch a classic movie directed by Steven Spielberg.,"MovieBuff: You can watch Jaws, a classic directed by Steven Spielberg.",Jaws,TRUE,"The output by the MovieBuff agent correctly identifies that 'Jaws' is a classic movie directed by Steven Spielberg, which matches the ground_truth."
What is the latest movie released by MediaCo Film Studio?,MovieBuff: The latest release by MediaCo Film Studio is 'Eternal Flame'.,Eternal Flame,TRUE,"The output correctly identifies the latest release by MediaCo Film Studio as 'Eternal Flame', matching the ground truth."
What's the plot of the recent movie 'Tenet'?,BookWorm: 'Tenet' is a book about time travel and espionage.,'Tenet' is a movie directed by Christopher Nolan that involves time manipulation to prevent World War III.,FALSE,"The output incorrectly identifies 'Tenet' as a book and provides an inaccurate description. The ground truth specifies it is a movie directed by Christopher Nolan. Thus, the response is contradictory."
"I'm looking for a book by George Orwell, preferably something related to dystopian themes.",BookWorm: 1984 is a dystopian novel by George Orwell.,1984 (published 1949),TRUE,"The output correctly identifies '1984' as a dystopian novel written by George Orwell, which matches the input query related to searching for a dystopian book by George Orwell."
Can you find the theme song of Game of Thrones?,ReMaster: 'Game of Thrones Theme' by Ramin Djawadi is the main theme for the series.,'Game of Thrones Theme' by Ramin Djawadi,TRUE,"The output correctly identifies the theme song of Game of Thrones by Ramin Djawadi, which matches the ground truth, thus the label is true for entailment."
Who performed at the Super Bowl halftime show in 2022?,"ReMaster: Dr. Dre, Snoop Dogg, Eminem, Mary J. Blige, and Kendrick Lamar performed at the Super Bowl halftime show in 2022.","Dr. Dre, Snoop Dogg, Eminem, Mary J. Blige, and Kendrick Lamar",TRUE,"The output correctly identifies the performers at the Super Bowl halftime show in 2022, which matches the ground truth."
Looking for a soundtrack from an independent film released in 2015.,BookWorm: The Martian was published in 2014.,Inherent Vice (2015),FALSE,"The output from BookWorm does not match the input query, which is about a soundtrack from an independent film released in 2015. Additionally, the correct agent, ReMaster or MovieBuff, should have been selected for this query."
Which album by Beyonce has the song 'Halo'?,BookWorm: 'Halo' is a song by Beyonce.,I Am... Sasha Fierce,FALSE,The response does not provide the correct album name where 'Halo' appears and the incorrect agent (BookWorm) was used for a music-related query.
Which books were published by Haruki Murakami in 2015?,BookWorm: Haruki Murakami's books published around 2015 include 'Colorless Tsukuru Tazaki and His Years of Pilgrimage' (2013) and 'Men Without Women' (2017).,"'Colorless Tsukuru Tazaki and His Years of Pilgrimage' (2013), 'Men Without Women' (2017), none for 2015.",FALSE,"The output does not provide books published by Haruki Murakami in 2015. It only provides book titles from different years, which does not match the query's specific date of 2015, leading to a contradiction."
Who directed the 2019 film Joker?,BookWorm: Joker is a graphic novel by Brian Azzarello.,Todd Phillips,FALSE,"The output wrongly attributes the Joker as a graphic novel information from BookWorm, instead of recognizing the movie directed by Todd Phillips."
I'm looking for a biography of a famous music artist.,BookWorm: The Biography of Leonardo da Vinci by Walter Isaacson is highly recommended.,"The ground_truth response should be related to a famous music artist, not Leonardo da Vinci.",FALSE,"The output is unrelated to the context of looking for a biography of a famous music artist, making it a contradiction."
Which recent movies from MediaCo studio feature Tom Hanks?,MovieBuff: Greyhound (2020) features Tom Hanks.,Greyhound (2020),TRUE,"The output correctly identifies 'Greyhound (2020)' as a recent movie from MediaCo studio featuring Tom Hanks, aligning perfectly with the ground truth."
Can you find me a book about the history of Paris?,BookWorm: 'A Tale of Two Cities' by Charles Dickens is a book about the French Revolution.,Paris: Biography of a City by Colin Jones,FALSE,The response given does not align with the ground_truth; it mentions a different book that is not specific to the history of Paris.
I need a list of albums released by Radiohead.,"Web: Radiohead is a popular English rock band, widely known for their experimental approach to music.","OK Computer, Kid A, In Rainbows, Hail to the Thief, A Moon Shaped Pool",FALSE,"The output does not provide a relevant list of albums released by Radiohead. It provides general information about the band instead, which contradicts the user's request for a list of albums."
Which actor voiced the character of Simba in the 1994 movie The Lion King?,ReMaster: The Lion King is an animated movie with music composed by Hans Zimmer.,Matthew Broderick,FALSE,The output does not provide the correct information about which actor voiced the character of Simba in The Lion King. The correct answer is Matthew Broderick.